date,mean_brightness,max_brightness,bright_pixel_ratio
2012-05-15,0.47084218409586054,0.996078431372549,0.6205291666666667
2012-06-15,0.6806322331154685,0.996078431372549,0.9151958333333333
2012-07-15,0.6183513453159041,0.996078431372549,0.8651708333333333
2012-08-15,0.6081644716775599,0.996078431372549,0.829775
2012-09-15,0.5601639161220043,0.996078431372549,0.79395
2012-10-15,0.6010717265795207,0.996078431372549,0.9051708333333334
2012-11-15,0.6354207461873637,0.996078431372549,0.882125
2012-12-15,0.5137609150326797,0.996078431372549,0.6718208333333333
2013-01-15,0.5742503376906318,0.996078431372549,0.7399125
2013-02-15,0.48288539760348587,0.996078431372549,0.6951416666666667
2013-03-15,0.4049356154684096,0.996078431372549,0.47247083333333334
2013-04-15,0.4416315849673203,0.996078431372549,0.5463375
2013-05-15,0.5079236165577342,0.996078431372549,0.6835208333333334
2013-06-15,0.62173325708061,0.996078431372549,0.8602416666666667
2013-07-15,0.4723016067538126,0.996078431372549,0.7051416666666667
2013-08-15,0.358268954248366,0.996078431372549,0.4472375
2013-09-15,0.237180871459695,0.996078431372549,0.19134166666666666
2013-10-15,0.3322849346405229,0.996078431372549,0.380725
2013-11-15,0.4522580337690632,0.996078431372549,0.5281916666666666
2013-12-15,0.6427729575163399,0.996078431372549,0.7782791666666666
2014-01-15,0.47113406862745105,0.996078431372549,0.5292125
2014-02-15,0.5671198366013072,0.996078431372549,0.7156625
2014-03-15,0.48390789215686275,0.996078431372549,0.5911791666666667
2014-04-15,0.2329892102396514,0.996078431372549,0.25037916666666665
2014-05-15,0.34426869825708056,0.996078431372549,0.3707958333333333
2014-06-15,0.36504576797385624,0.996078431372549,0.4184541666666667
2014-07-15,0.4930935893246187,0.996078431372549,0.6378416666666666
2014-08-15,0.6222094444444445,0.996078431372549,0.8814833333333333
2014-09-15,0.6661942102396514,0.996078431372549,0.936475
2014-10-15,0.5882842810457517,0.996078431372549,0.8687291666666667
2014-11-15,0.5921425326797386,0.996078431372549,0.8486875
2014-12-15,0.5386758061002178,0.996078431372549,0.7430541666666667
2015-01-15,0.5797285457516339,0.996078431372549,0.9323125
2015-02-15,0.6269830501089325,0.996078431372549,0.8818083333333333
2015-03-15,0.4657119498910675,0.996078431372549,0.6354583333333333
2015-04-15,0.4506748801742919,0.996078431372549,0.5923333333333334
2015-05-15,0.5559103376906318,0.996078431372549,0.7601291666666666
2015-06-15,0.581926922657952,0.996078431372549,0.8346708333333334
2015-07-15,0.6710177559912854,0.996078431372549,0.9581208333333333
2015-08-15,0.5696918191721133,0.996078431372549,0.819575
2015-09-15,0.5954818300653595,0.996078431372549,0.8740833333333333
2015-10-15,0.4393855119825708,0.996078431372549,0.5952833333333334
2015-11-15,0.5194980065359477,0.996078431372549,0.7266041666666667
2015-12-15,0.5783661928104575,0.996078431372549,0.859425
2016-01-15,0.5328102178649238,0.996078431372549,0.7008291666666666
2016-02-15,0.591930234204793,0.996078431372549,0.8450833333333333
2016-03-15,0.3424748093681917,0.996078431372549,0.36961666666666665
2016-04-15,0.4613600871459695,0.996078431372549,0.6148208333333334
2016-05-15,0.41367556100217867,0.996078431372549,0.5159166666666667
2016-06-15,0.271864188453159,0.996078431372549,0.2856708333333333
2016-07-15,0.19325752723311548,0.996078431372549,0.12622916666666667
2016-08-15,0.2082000871459695,0.996078431372549,0.16508333333333333
2016-09-15,0.28274130174291945,0.996078431372549,0.2839333333333333
2016-10-15,0.45085849673202616,0.996078431372549,0.5588666666666666
2016-11-15,0.5236621786492375,0.996078431372549,0.6289458333333333
2016-12-15,0.6351467647058824,0.996078431372549,0.7510041666666667
2017-01-15,0.6773362309368192,0.996078431372549,0.8102583333333333
2017-02-15,0.5987935729847494,0.996078431372549,0.7796625
2017-03-15,0.5391025163398693,0.996078431372549,0.6904208333333334
2017-04-15,0.35966035403050106,0.996078431372549,0.4203625
2017-05-15,0.34032236928104576,0.996078431372549,0.4098291666666667
2017-06-15,0.41876213507625276,0.996078431372549,0.4991875
2017-07-15,0.5650684368191721,0.996078431372549,0.8096291666666666
2017-08-15,0.7264870152505447,0.996078431372549,0.9488125
2017-09-15,0.6327266394335512,0.996078431372549,0.9646375
2017-10-15,0.5140134477124183,0.996078431372549,0.7466125
2017-11-15,0.5386740359477123,0.996078431372549,0.7948875
2017-12-15,0.5542752668845315,0.996078431372549,0.774425
2018-01-15,0.4882220043572985,0.996078431372549,0.6205208333333333
2018-02-15,0.38998208061002176,0.996078431372549,0.4462375
2018-03-15,0.5349550871459694,0.996078431372549,0.7884
2018-04-15,0.44487477668845316,0.996078431372549,0.5718708333333333
2018-05-15,0.44948674291939,0.996078431372549,0.5892875
2018-06-15,0.5982367701525054,0.996078431372549,0.8604166666666667
2018-07-15,0.6254718355119825,0.996078431372549,0.9171166666666667
2018-08-15,0.5539003703703703,0.996078431372549,0.8253791666666667
2018-09-15,0.4629941557734204,0.996078431372549,0.6800333333333334
2018-10-15,0.5031806590413943,0.996078431372549,0.7293791666666667
2018-11-15,0.46857264705882345,0.996078431372549,0.6050541666666667
2018-12-15,0.5301771786492375,0.996078431372549,0.7523458333333334
2019-01-15,0.4923287145969499,0.996078431372549,0.80245
2019-02-15,0.6069059041394336,0.996078431372549,0.8832208333333333
2019-03-15,0.5515539651416123,0.996078431372549,0.7937416666666667
2019-04-15,0.5817978431372549,0.996078431372549,0.8470416666666667
2019-05-15,0.3816893899782135,0.996078431372549,0.46236666666666665
2019-06-15,0.24809339869281044,0.996078431372549,0.27441666666666664
2019-07-15,0.22189274509803922,0.996078431372549,0.21035
2019-08-15,0.299259302832244,0.996078431372549,0.31057083333333335
2019-09-15,0.4249941666666667,0.996078431372549,0.4619375
2019-10-15,0.4811403050108932,0.996078431372549,0.6018916666666667
2019-11-15,0.6326864651416123,0.996078431372549,0.885075
2019-12-15,0.6092711383442266,0.996078431372549,0.7289291666666666
2020-01-15,0.6696486492374728,0.996078431372549,0.8105791666666666
2020-02-15,0.5363295751633987,0.996078431372549,0.7127791666666666
2020-03-15,0.44879995098039216,0.996078431372549,0.6048375
2020-04-15,0.27405977668845316,0.996078431372549,0.24294166666666667
2020-05-15,0.48449438453159044,0.996078431372549,0.6121291666666666
2020-06-15,0.6567372930283225,0.996078431372549,0.9197791666666667
2020-07-15,0.535027788671024,0.996078431372549,0.709275
2020-08-15,0.5225798747276689,0.996078431372549,0.7680666666666667
2020-09-15,0.46914270152505444,0.996078431372549,0.6268541666666667
2020-10-15,0.5201605555555555,0.996078431372549,0.7191125
2020-11-15,0.6263380501089325,0.996078431372549,0.8596875
2020-12-15,0.5692345152505446,0.996078431372549,0.8390416666666667
2021-01-15,0.45641435185185186,0.996078431372549,0.58745
2021-02-15,0.6042274891067537,0.996078431372549,0.828225
2021-03-15,0.4670165740740741,0.996078431372549,0.6358791666666667
2021-04-15,0.49567998910675387,0.996078431372549,0.7026333333333333
2021-05-15,0.5787675381263616,0.996078431372549,0.8399208333333333
2021-06-15,0.5566197930283224,0.996078431372549,0.8152
2021-07-15,0.5601364488017428,0.996078431372549,0.8261375
2021-08-15,0.4534888834422658,0.996078431372549,0.6777375
2021-09-15,0.3368056753812636,0.996078431372549,0.418025
2021-10-15,0.234254068627451,0.996078431372549,0.17232916666666667
2021-11-15,0.43573839324618735,0.996078431372549,0.6545833333333333
2021-12-15,0.5153421241830065,0.996078431372549,0.6562125
2022-01-15,0.5625786819172114,0.996078431372549,0.7918166666666666
2022-02-15,0.5278457298474946,0.996078431372549,0.7381625
2022-03-15,0.5715794281045751,0.996078431372549,0.8299375
2022-04-15,0.42861202614379085,0.996078431372549,0.5260125
2022-05-15,0.2849201906318083,0.996078431372549,0.3069458333333333
2022-06-15,0.2718574074074074,0.996078431372549,0.2686625
2022-07-15,0.32297965141612195,0.996078431372549,0.3406125
2022-08-15,0.5285777124183006,0.996078431372549,0.7328875
2022-09-15,0.6105589215686276,0.996078431372549,0.941225
2022-10-15,0.585873017429194,0.996078431372549,0.8794625
2022-11-15,0.6375759477124183,0.996078431372549,0.8633708333333333
2022-12-15,0.6332909694989107,0.996078431372549,0.7903333333333333
2023-01-15,0.5165934095860566,0.996078431372549,0.7014041666666667
2023-02-15,0.47511209150326794,0.996078431372549,0.67705
2023-03-15,0.3454329193899782,0.996078431372549,0.40202916666666666
2023-04-15,0.42809174836601305,0.996078431372549,0.5688083333333334
2023-05-15,0.5018006481481482,0.996078431372549,0.6969333333333333
2023-06-15,0.6427297657952069,0.996078431372549,0.9201541666666667
2023-07-15,0.5338298583877996,0.996078431372549,0.7254125
2023-08-15,0.5146687091503267,0.996078431372549,0.7357833333333333
2023-09-15,0.41971863834422657,0.996078431372549,0.5121083333333334
2023-10-15,0.5174579793028322,0.996078431372549,0.7325291666666667
2023-11-15,0.49630392156862746,0.996078431372549,0.6919958333333334
2023-12-15,0.45116658496732026,0.996078431372549,0.6266375
2024-01-15,0.5046258006535947,0.996078431372549,0.6940375
2024-02-15,0.5162971132897604,0.996078431372549,0.7321958333333334
2024-03-15,0.4197477396514161,0.996078431372549,0.5265416666666667
2024-04-15,0.41612428649237476,0.996078431372549,0.5233875
2024-05-15,0.5359062418300654,0.996078431372549,0.7932041666666667
2024-06-15,0.4881125163398693,0.996078431372549,0.7326166666666667
2024-07-15,0.27455656862745104,0.996078431372549,0.28472916666666664
2024-08-15,0.12737331699346405,0.996078431372549,0.07495
2024-09-15,0.2144001633986928,0.996078431372549,0.15370833333333334
2024-10-15,0.3629339270152505,0.996078431372549,0.4124083333333333
2024-11-15,0.4505935130718954,0.996078431372549,0.5318083333333333
2024-12-15,0.6012221623093682,0.996078431372549,0.7898125
2025-01-15,0.5881296949891068,0.996078431372549,0.7568
2025-02-15,0.6376569662309368,0.996078431372549,0.7718583333333333
2025-03-15,0.5078189433551199,0.996078431372549,0.6556083333333333
2025-04-15,0.334348545751634,0.996078431372549,0.40365416666666665
2025-05-15,0.3310646296296297,0.996078431372549,0.4339125
2025-06-15,0.3926102178649237,0.996078431372549,0.47265416666666665
2025-07-15,0.5700735838779957,0.996078431372549,0.781075
2025-08-15,0.6604493355119826,0.996078431372549,0.9116291666666667
2025-09-15,0.5390430065359477,0.996078431372549,0.813375
2025-10-15,0.6667482298474946,0.996078431372549,0.9641416666666667
2025-11-15,0.6713316557734206,0.996078431372549,0.9469625
2025-12-15,0.5732949509803921,0.996078431372549,0.8690958333333333
2026-01-15,0.4507275708061002,0.996078431372549,0.6476208333333333
2026-02-15,0.49316902505446625,0.996078431372549,0.715525
2026-03-15,0.4662718954248366,0.996078431372549,0.5748125
2026-04-15,0.4440162527233116,0.996078431372549,0.5621375
